ai,chain,efficiency,improves,industry,learning,machine,ml,retail,supply,sustainability,transforming,us
0.4280460350631185,0.0,0.0,0.0,0.5628290964997665,0.0,0.0,0.0,0.4280460350631185,0.0,0.0,0.5628290964997665,0.0
0.0,0.4082482904638631,0.4082482904638631,0.4082482904638631,0.0,0.4082482904638631,0.4082482904638631,0.0,0.0,0.4082482904638631,0.0,0.0,0.0
0.3730219858594306,0.0,0.0,0.0,0.0,0.0,0.0,0.49047908420610337,0.3730219858594306,0.0,0.49047908420610337,0.0,0.49047908420610337
