ai,and,chain,chains,efficiency,improves,is,learning,machine,retail,supply,sustainability,transforming,uses
0.3299283214573658,0.3299283214573658,0.0,0.4338160942155483,0.0,0.0,0.4338160942155483,0.0,0.0,0.3299283214573658,0.3299283214573658,0.0,0.4338160942155483,0.0
0.0,0.0,0.45954803293870056,0.0,0.45954803293870056,0.45954803293870056,0.0,0.3494981241087058,0.3494981241087058,0.0,0.3494981241087058,0.0,0.0,0.0
0.34385142961748544,0.34385142961748544,0.0,0.0,0.0,0.0,0.0,0.34385142961748544,0.34385142961748544,0.34385142961748544,0.0,0.4521233082633858,0.0,0.4521233082633858
